h3_address,0
892a1008803ffff,21
892a1008807ffff,5146
892a100880fffff,81
892a1008813ffff,43
892a1008817ffff,3885
892a1008823ffff,2329
892a1008827ffff,2895
892a100882bffff,6483
892a100882fffff,4697
892a1008833ffff,1156
892a1008837ffff,3066
892a100883bffff,6259
892a1008867ffff,147
892a1008877ffff,90
892a1008883ffff,3477
892a1008887ffff,711
892a100888bffff,17
892a100888fffff,3907
892a1008893ffff,1846
892a1008897ffff,603
892a100889bffff,28
892a10088a3ffff,2107
892a10088a7ffff,24
892a10088abffff,403
892a10088afffff,4904
892a10088b3ffff,1638
892a10088b7ffff,403
892a10088bbffff,303
892a1008903ffff,7648
892a1008907ffff,8002
892a100890bffff,7001
892a100890fffff,7588
892a1008913ffff,6671
892a1008917ffff,11458
892a100891bffff,2821
892a1008923ffff,7125
892a1008927ffff,5744
892a100892bffff,8797
892a100892fffff,7383
892a1008933ffff,6630
892a1008937ffff,7093
892a100893bffff,10247
892a1008943ffff,3126
892a100894bffff,3473
892a100894fffff,1759
892a1008953ffff,2360
892a100895bffff,3998
892a1008963ffff,1375
892a1008967ffff,7556
892a100896fffff,1497
892a1008973ffff,1954
892a1008977ffff,10255
892a1008983ffff,4514
892a1008987ffff,3540
892a100898bffff,6799
892a100898fffff,7248
892a1008993ffff,526
892a1008997ffff,683
892a100899bffff,2023
892a10089a3ffff,4720
892a10089a7ffff,5995
892a10089abffff,7380
892a10089afffff,5337
892a10089b3ffff,4254
892a10089b7ffff,2170
892a10089bbffff,5980
892a10089c7ffff,2380
892a10089cbffff,907
892a10089d7ffff,2404
892a10089dbffff,955
892a1008b03ffff,1648
892a1008b07ffff,1589
892a1008b0fffff,776
892a1008b13ffff,88
892a1008b17ffff,2479
892a1008b23ffff,2068
892a1008b27ffff,12497
892a1008b2bffff,2632
892a1008b2fffff,4496
892a1008b33ffff,1868
892a1008b37ffff,12277
892a1008b3bffff,2495
892a1008b67ffff,397
892a1008b77ffff,81
892a1008b83ffff,5682
892a1008b87ffff,3827
892a1008b8bffff,61
892a1008b8fffff,6244
892a1008b93ffff,5541
892a1008b97ffff,3244
892a1008b9bffff,32
892a1008ba3ffff,4464
892a1008ba7ffff,2205
892a1008babffff,6490
892a1008bafffff,11733
892a1008bb3ffff,3841
892a1008bb7ffff,2663
892a1008bbbffff,8312
892a1008c03ffff,78
892a1008c07ffff,766
892a1008c0fffff,45
892a1008c13ffff,24
892a1008c17ffff,117
892a1008c1bffff,18
892a1008c23ffff,525
892a1008c27ffff,401
892a1008c2bffff,930
892a1008c2fffff,647
892a1008c33ffff,162
892a1008c37ffff,195
892a1008c3bffff,817
892a1008c63ffff,7
892a1008c67ffff,56
892a1008c77ffff,32
892a1008c83ffff,278
892a1008c87ffff,46
892a1008c8bffff,100
892a1008c8fffff,387
892a1008c93ffff,404
892a1008c97ffff,64
892a1008c9bffff,103
892a1008ca3ffff,32
892a1008ca7ffff,33
892a1008cabffff,49
892a1008cafffff,243
892a1008cb3ffff,47
892a1008cb7ffff,77
892a1008cbbffff,30
892a1008d03ffff,61
892a1008d07ffff,138
892a1008d0bffff,203
892a1008d0fffff,40
892a1008d13ffff,37
892a1008d17ffff,380
892a1008d1bffff,241
892a1008d23ffff,538
892a1008d27ffff,67
892a1008d2bffff,640
892a1008d2fffff,937
892a1008d33ffff,591
892a1008d37ffff,64
892a1008d3bffff,432
892a1008d43ffff,384
892a1008d47ffff,176
892a1008d4bffff,1285
892a1008d4fffff,316
892a1008d53ffff,380
892a1008d57ffff,214
892a1008d5bffff,580
892a1008d63ffff,727
892a1008d67ffff,200
892a1008d6fffff,1304
892a1008d73ffff,421
892a1008d77ffff,96
892a1008d83ffff,122
892a1008d87ffff,192
892a1008d8bffff,243
892a1008d8fffff,192
892a1008d93ffff,6
892a1008d97ffff,15
892a1008d9bffff,58
892a1008da3ffff,276
892a1008da7ffff,4
892a1008dabffff,294
892a1008dafffff,30
892a1008db3ffff,13
892a1008db7ffff,1
892a1008dbbffff,282
892a1008dc3ffff,131
892a1008dc7ffff,169
892a1008dcbffff,142
892a1008dcfffff,186
892a1008dd3ffff,326
892a1008dd7ffff,117
892a1008ddbffff,115
892a100a107ffff,1
892a100a13bffff,4
892a100a163ffff,1
892a100a167ffff,1
892a100a16fffff,17
892a100a177ffff,13
892a100a1bbffff,6
892a100aa03ffff,124
892a100aa07ffff,116
892a100aa0bffff,4
892a100aa13ffff,86
892a100aa17ffff,68
892a100aa1bffff,1
892a100aa23ffff,4
892a100aa27ffff,27
892a100aa2bffff,235
892a100aa2fffff,69
892a100aa33ffff,4
892a100aa37ffff,3
892a100aa3bffff,135
892a100aa67ffff,1
892a100aa77ffff,95
892a100aa83ffff,88
892a100aa8bffff,194
892a100aa8fffff,73
892a100aa93ffff,4
892a100aa97ffff,3
892a100aa9bffff,38
892a100aaabffff,16
892a100aaafffff,4
892a100aac7ffff,4
892a100aad7ffff,1
892a100ab0bffff,16
892a100ab43ffff,29
892a100ab47ffff,37
892a100ab4bffff,22
892a100ab4fffff,48
892a100ab53ffff,44
892a100ab57ffff,30
892a100ab5bffff,35
892a100ab63ffff,126
892a100ab67ffff,11
892a100ab6bffff,60
892a100ab6fffff,67
892a100ab73ffff,48
892a100ab77ffff,4
892a100ab7bffff,96
892a100abcbffff,9
892a100ae03ffff,6
892a100ae07ffff,4
892a100ae0bffff,16
892a100ae0fffff,9
892a100ae13ffff,4
892a100ae17ffff,3
892a100ae1bffff,14
892a100ae2bffff,5
892a100ae3bffff,7
892a100ae63ffff,21
892a100ae67ffff,49
892a100ae6fffff,5
892a100ae73ffff,51
892a100ae77ffff,38
892a100ae7bffff,5
892a100ae8bffff,3
892a100ae93ffff,4
892a100ae9bffff,7
892a100aec7ffff,4
892a100aed3ffff,2
892a100d043ffff,21
892a100d04bffff,4579
892a100d04fffff,291
892a100d053ffff,14
892a100d05bffff,1318
892a100d0dbffff,150
892a100d203ffff,11179
892a100d207ffff,12042
892a100d20bffff,10535
892a100d20fffff,9846
892a100d213ffff,12880
892a100d217ffff,12642
892a100d21bffff,14896
892a100d223ffff,7482
892a100d227ffff,9090
892a100d22bffff,11659
892a100d22fffff,9165
892a100d233ffff,6905
892a100d237ffff,3404
892a100d23bffff,12295
892a100d243ffff,6102
892a100d247ffff,8113
892a100d24bffff,2490
892a100d24fffff,5771
892a100d253ffff,3996
892a100d257ffff,10469
892a100d25bffff,3893
892a100d263ffff,6604
892a100d267ffff,5734
892a100d26bffff,6106
892a100d26fffff,7008
892a100d273ffff,10294
892a100d277ffff,9575
892a100d27bffff,5804
892a100d283ffff,10505
892a100d287ffff,10041
892a100d28bffff,16043
892a100d28fffff,10280
892a100d293ffff,15389
892a100d297ffff,8605
892a100d29bffff,9996
892a100d2a3ffff,2081
892a100d2a7ffff,474
892a100d2abffff,9566
892a100d2afffff,3754
892a100d2b3ffff,3783
892a100d2b7ffff,113
892a100d2bbffff,7843
892a100d2c3ffff,39039
892a100d2c7ffff,13437
892a100d2cbffff,12713
892a100d2cfffff,11363
892a100d2d3ffff,10205
892a100d2d7ffff,11265
892a100d2dbffff,24016
892a100d303ffff,2
892a100d30bffff,73
892a100d30fffff,4
892a100d31bffff,7
892a100d32bffff,6
892a100d343ffff,3824
892a100d347ffff,1420
892a100d34bffff,5504
892a100d34fffff,3504
892a100d353ffff,4130
892a100d357ffff,2067
892a100d35bffff,5532
892a100d363ffff,16
892a100d367ffff,14
892a100d36bffff,1138
892a100d36fffff,183
892a100d373ffff,469
892a100d377ffff,97
892a100d37bffff,1906
892a100d3c3ffff,586
892a100d3cfffff,1598
892a100d3dbffff,1327
892a100d443ffff,5463
892a100d44bffff,6149
892a100d44fffff,1175
892a100d453ffff,9675
892a100d45bffff,8640
892a100d4c3ffff,85
892a100d4cbffff,4570
892a100d4d3ffff,10
892a100d4dbffff,7155
892a100d603ffff,16922
892a100d607ffff,22728
892a100d60bffff,11531
892a100d60fffff,15216
892a100d613ffff,18461
892a100d617ffff,17582
892a100d61bffff,21654
892a100d623ffff,8310
892a100d627ffff,1789
892a100d62bffff,13145
892a100d62fffff,12533
892a100d633ffff,14579
892a100d637ffff,2378
892a100d63bffff,18260
892a100d643ffff,18870
892a100d647ffff,13783
892a100d64bffff,5351
892a100d64fffff,17603
892a100d653ffff,19586
892a100d657ffff,14816
892a100d65bffff,6775
892a100d663ffff,9577
892a100d667ffff,23856
892a100d66bffff,13553
892a100d66fffff,6322
892a100d673ffff,7260
892a100d677ffff,18073
892a100d67bffff,15683
892a100d683ffff,8554
892a100d687ffff,7473
892a100d68bffff,7730
892a100d68fffff,11880
892a100d693ffff,9622
892a100d697ffff,5627
892a100d69bffff,5538
892a100d6a3ffff,3998
892a100d6a7ffff,1664
892a100d6abffff,10572
892a100d6afffff,5543
892a100d6b3ffff,6039
892a100d6b7ffff,1144
892a100d6bbffff,9689
892a100d6c7ffff,5204
892a100d6cbffff,8029
892a100d6cfffff,9978
892a100d6d7ffff,1665
892a100d6dbffff,2235
892a100f213ffff,3
892a100f24bffff,335
892a100f24fffff,58
892a100f253ffff,6
892a100f25bffff,143
892a100f2c7ffff,3
892a100f2cbffff,3
892a100f647ffff,5
892a100f64bffff,4
892a100f663ffff,15
892a100f66fffff,7
892a100f673ffff,9
892a100f677ffff,1
892a1072137ffff,330
892a1072183ffff,908
892a1072187ffff,6699
892a1072193ffff,1711
892a1072197ffff,4722
892a10721a3ffff,4935
892a10721a7ffff,5189
892a10721abffff,851
892a10721afffff,1834
892a10721b3ffff,15429
892a10721b7ffff,9344
892a10721bbffff,5526
892a1072503ffff,2259
892a1072507ffff,2016
892a107250fffff,103
892a1072513ffff,1228
892a1072517ffff,2840
892a1072523ffff,949
892a1072527ffff,1593
892a107252bffff,3911
892a107252fffff,6011
892a1072533ffff,1883
892a1072537ffff,2282
892a107253bffff,758
892a1072567ffff,249
892a1072577ffff,33
892a1072583ffff,2179
892a1072587ffff,3002
892a107258bffff,756
892a107258fffff,2678
892a1072593ffff,1854
892a1072597ffff,2725
892a107259bffff,601
892a10725a3ffff,6392
892a10725a7ffff,22192
892a10725abffff,3107
892a10725afffff,3123
892a10725b3ffff,6465
892a10725b7ffff,13067
892a10725bbffff,5494
892a1072803ffff,3431
892a1072807ffff,2901
892a1072813ffff,2658
892a1072817ffff,3908
892a107281bffff,1195
892a1072883ffff,1817
892a1072887ffff,6829
892a107288bffff,4163
892a107288fffff,3284
892a1072893ffff,1980
892a1072897ffff,919
892a107289bffff,5866
892a10728abffff,618
892a10728b3ffff,343
892a10728bbffff,7555
892a10728c7ffff,3962
892a10728d3ffff,6308
892a10728d7ffff,5178
892a1072c03ffff,4976
892a1072c07ffff,5082
892a1072c0bffff,4043
892a1072c0fffff,4216
892a1072c13ffff,6198
892a1072c17ffff,9967
892a1072c1bffff,6884
892a1072c23ffff,288
892a1072c27ffff,1002
892a1072c2bffff,2468
892a1072c2fffff,69
892a1072c33ffff,3262
892a1072c37ffff,782
892a1072c3bffff,2870
892a1072c43ffff,101
892a1072c47ffff,1683
892a1072c53ffff,322
892a1072c57ffff,2425
892a1072c63ffff,3514
892a1072c67ffff,6385
892a1072c6bffff,3128
892a1072c6fffff,8932
892a1072c73ffff,6522
892a1072c77ffff,4737
892a1072c7bffff,925
892a1072c83ffff,4930
892a1072c87ffff,8606
892a1072c8bffff,3516
892a1072c8fffff,9733
892a1072c93ffff,8625
892a1072c97ffff,9509
892a1072c9bffff,2932
892a1072ca3ffff,4322
892a1072ca7ffff,6241
892a1072cabffff,6023
892a1072cafffff,2038
892a1072cb3ffff,6131
892a1072cb7ffff,9543
892a1072cbbffff,4463
892a1072cc3ffff,3211
892a1072cc7ffff,8661
892a1072ccbffff,3977
892a1072ccfffff,4429
892a1072cd3ffff,9234
892a1072cd7ffff,10262
892a1072cdbffff,5951
892a1072d43ffff,7
892a1072d4bffff,226
892a1072d53ffff,48
892a1072d5bffff,105
892a1072d8bffff,11
892a1072d93ffff,31
892a1072d9bffff,99
892a1072dc3ffff,62
892a1072dc7ffff,107
892a1072dcbffff,430
892a1072dcfffff,45
892a1072dd3ffff,159
892a1072dd7ffff,21
892a1072ddbffff,1568
