FID,x,y,adr_pelny,ogolem
41210,20.07212943,50.09673336,BO?YWOJA 11,2
30960,20.07221031,50.09703214,BO?YWOJA 2,3
46400,20.07245767,50.09699032,BO?YWOJA 3,1
34703,20.07237828,50.09692768,BO?YWOJA 5,3
18621,20.07194923,50.09684781,BO?YWOJA 6,5
27470,20.0723483,50.09690387,BO?YWOJA 7,4
41211,20.0722374,50.09669957,BO?YWOJA 9,2
36351,20.06658689,50.09716911,BUKSZPANOWA 14,2
40056,20.06658844,50.09660563,BUKSZPANOWA 2,2
26041,20.06704742,50.09718277,BUKSZPANOWA 24,4
17489,20.06680241,50.09780757,BUKSZPANOWA 38,5
37108,20.06636374,50.09699767,BUKSZPANOWA 4,2
40057,20.06670209,50.09678729,BUKSZPANOWA 6,2
36424,20.06711538,50.09658997,BUKSZPANOWA 8,2
21577,20.07749904,50.10452175,EMILA FREEGE'GO 1,5
28104,20.0763899,50.10513733,EMILA FREEGE'GO 11,4
35197,20.07619794,50.10526164,EMILA FREEGE'GO 11A,3
26965,20.07565599,50.10563226,EMILA FREEGE'GO 17,4
28852,20.07798207,50.10459269,EMILA FREEGE'GO 2,4
26044,20.07719927,50.10469432,EMILA FREEGE'GO 3,4
34318,20.07772999,50.10467514,EMILA FREEGE'GO 4,3
33644,20.07749533,50.10481794,EMILA FREEGE'GO 6,3
20400,20.07672091,50.10498932,EMILA FREEGE'GO 7,5
16603,20.07727133,50.10493238,EMILA FREEGE'GO 8,6
42593,20.07610163,50.10504639,EMILA FREEGE'GO 9,1
34696,20.07724833,50.10072345,FOLWARCZNA 1,3
28487,20.07752686,50.10031473,FOLWARCZNA 10,4
26518,20.07727256,50.09991221,FOLWARCZNA 14,4
41684,20.08055042,50.0999746,FOLWARCZNA 19,2
41517,20.08077216,50.10007654,FOLWARCZNA 21,2
21145,20.08052405,50.100312,FOLWARCZNA 21A,5
27595,20.0776714,50.10061745,FOLWARCZNA 3,4
33804,20.07919541,50.09973078,FOLWARCZNA 34,3
26836,20.07972024,50.09965343,FOLWARCZNA 38A,4
26494,20.07937108,50.09939721,FOLWARCZNA 38B,4
14224,20.07892918,50.09903935,FOLWARCZNA 38C,7
46128,20.07903171,50.09874559,FOLWARCZNA 38E,1
20330,20.07734096,50.10044059,FOLWARCZNA 4,5
41239,20.08094066,50.09922897,FOLWARCZNA 44,2
41438,20.08060935,50.09902488,FOLWARCZNA 44A,2
41246,20.0803019,50.09885382,FOLWARCZNA 44B,2
41144,20.07993175,50.09852995,FOLWARCZNA 44C,2
27441,20.07968212,50.09837254,FOLWARCZNA 44D,4
42241,20.08152717,50.09927189,FOLWARCZNA 50,2
29138,20.08187764,50.09937754,FOLWARCZNA 54,4
26829,20.07707864,50.10020864,FOLWARCZNA 6,4
35228,20.07644269,50.0998727,FOLWARCZNA 8,3
36423,20.07337248,50.09828683,FRANCISZKA TWAROGA 3,2
29455,20.07330901,50.09861995,FRANCISZKA TWAROGA 4,3
14501,20.07308295,50.09849479,FRANCISZKA TWAROGA 5,6
43164,20.07280146,50.09868393,FRANCISZKA TWAROGA 7,1
12547,20.07055887,50.09743242,GEODEToW 10,7
46997,20.06910969,50.09723123,GEODEToW 14D,1
11184,20.06899238,50.09731558,GEODEToW 14E,9
42573,20.06948007,50.09669938,GEODEToW 16,1
35530,20.06897564,50.09613298,GEODEToW 17,3
21679,20.06927511,50.09594173,GEODEToW 17A,5
28593,20.06955221,50.09574446,GEODEToW 17B,4
18918,20.06871722,50.09649076,GEODEToW 18B,5
42590,20.07100829,50.09848607,GEODEToW 2,1
20135,20.06859782,50.09635948,GEODEToW 20,5
39816,20.06854789,50.09631781,GEODEToW 22,2
22893,20.0682471,50.0965245,GEODEToW 22A,4
16867,20.06801751,50.09666353,GEODEToW 22B,6
33345,20.06772914,50.09682168,GEODEToW 22C,3
33052,20.06754516,50.09693252,GEODEToW 22D,3
29459,20.06870243,50.09588387,GEODEToW 23,3
28576,20.06815995,50.09631644,GEODEToW 24AB,4
20871,20.06784841,50.09650067,GEODEToW 24B,5
16783,20.06734412,50.09675435,GEODEToW 24C,6
12548,20.06889455,50.09565431,GEODEToW 25,7
28784,20.06936096,50.09530764,GEODEToW 29,4
12463,20.06957659,50.09507049,GEODEToW 31,8
8669,20.06984178,50.09488437,GEODEToW 33,13
36123,20.06973778,50.09458779,GEODEToW 33A,3
47328,20.0711274,50.09753831,GEODEToW 3A,1
36185,20.07138603,50.09817078,GEODEToW 4A,3
36406,20.07063719,50.0971834,GEODEToW 5,2
29428,20.07098517,50.09775111,GEODEToW 6B,3
42461,20.07030288,50.09701755,GEODEToW 7,1
18057,20.0705486,50.09776542,GEODEToW 8A,5
22159,20.06991296,50.09668838,GEODEToW 9,4
29454,20.07419808,50.10157551,G??BINOWA 10,3
22167,20.07455148,50.1021471,G??BINOWA 11,4
12449,20.07473755,50.10153379,G??BINOWA 12B,8
28580,20.07486028,50.101455,G??BINOWA 12C,4
47005,20.07506838,50.10133257,G??BINOWA 12D,1
16324,20.07476952,50.10180375,G??BINOWA 14,6
22012,20.07486047,50.10199436,G??BINOWA 16,4
36433,20.07254125,50.10056465,G??BINOWA 2,2
22184,20.07301356,50.10116551,G??BINOWA 3,4
21198,20.07223994,50.10161972,G??BINOWA 3B,5
36432,20.07298363,50.10078497,G??BINOWA 4,2
14527,20.07335098,50.10137734,G??BINOWA 5,6
29474,20.07316626,50.10085892,G??BINOWA 6,3
36434,20.07345369,50.10098699,G??BINOWA 6B,2
36418,20.07383182,50.10168179,G??BINOWA 7,2
31247,20.07356734,50.10151509,G??BINOWA 7A,3
42601,20.07357537,50.10120971,G??BINOWA 8A,1
17541,20.0739462,50.10141252,G??BINOWA 8B,5
41333,20.07416037,50.10110045,G??BINOWA 8C,2
36417,20.07426355,50.10197483,G??BINOWA 9,2
36410,20.07312188,50.09553364,GR?BA?OWSKA 11,2
17543,20.07504524,50.09692397,GR?BA?OWSKA 14,5
36411,20.07322642,50.09597142,GR?BA?OWSKA 15,2
21857,20.07293733,50.09586762,GR?BA?OWSKA 15A,5
17429,20.07284526,50.09604416,GR?BA?OWSKA 17,5
27417,20.07534762,50.09426602,GR?BA?OWSKA 1B,4
41557,20.07557523,50.09419475,GR?BA?OWSKA 1C,2
35136,20.07561135,50.09416728,GR?BA?OWSKA 1D,3
47189,20.07578127,50.09404313,GR?BA?OWSKA 1E,1
28978,20.0758149,50.09401778,GR?BA?OWSKA 1F,4
47190,20.07598034,50.09388779,GR?BA?OWSKA 1G,1
42585,20.07534268,50.09463663,GR?BA?OWSKA 2,1
13762,20.07385809,50.09733693,GR?BA?OWSKA 20,7
28931,20.0735474,50.09616735,GR?BA?OWSKA 21,4
22165,20.07330317,50.09618297,GR?BA?OWSKA 21A,4
36413,20.07356591,50.09634225,GR?BA?OWSKA 21B,2
36412,20.07292879,50.09636318,GR?BA?OWSKA 23,2
11244,20.07279569,50.09752915,GR?BA?OWSKA 24,8
14502,20.07241804,50.0974058,GR?BA?OWSKA 26,6
36396,20.07302842,50.09668212,GR?BA?OWSKA 27,2
17527,20.07311625,50.09710915,GR?BA?OWSKA 27A,5
8697,20.07204879,50.0977374,GR?BA?OWSKA 28,12
26711,20.07281188,50.09718735,GR?BA?OWSKA 29,4
36403,20.0744998,50.0948507,GR?BA?OWSKA 3,2
22136,20.07212994,50.09796201,GR?BA?OWSKA 30,4
22135,20.07175417,50.09722639,GR?BA?OWSKA 31,4
17553,20.07219102,50.09828385,GR?BA?OWSKA 32A,5
22134,20.07191968,50.09740911,GR?BA?OWSKA 33,4
14518,20.07196814,50.09847494,GR?BA?OWSKA 34,6
36407,20.07177038,50.09780008,GR?BA?OWSKA 35,2
36408,20.07247888,50.09891803,GR?BA?OWSKA 36,2
22160,20.0716892,50.09840239,GR?BA?OWSKA 37,4
42587,20.07185443,50.09867022,GR?BA?OWSKA 39,1
22162,20.07298794,50.09900871,GR?BA?OWSKA 40,4
16414,20.0719525,50.09882557,GR?BA?OWSKA 41,6
36409,20.07332925,50.0991409,GR?BA?OWSKA 42,2
22161,20.0722358,50.09891733,GR?BA?OWSKA 43,4
29448,20.07362575,50.09917499,GR?BA?OWSKA 44,3
22163,20.07264165,50.09911313,GR?BA?OWSKA 45,4
33686,20.07418106,50.0992138,GR?BA?OWSKA 46,3
36402,20.07456254,50.09929312,GR?BA?OWSKA 48,2
29441,20.07414518,50.09948216,GR?BA?OWSKA 49,3
11226,20.07390395,50.09545096,GR?BA?OWSKA 4A,8
36395,20.07432022,50.09503356,GR?BA?OWSKA 5,2
17542,20.07454567,50.09973548,GR?BA?OWSKA 51,5
14511,20.07542272,50.09955479,GR?BA?OWSKA 52,6
36400,20.07495525,50.09973894,GR?BA?OWSKA 53,2
10721,20.07492691,50.09988804,GR?BA?OWSKA 53A,9
22152,20.07550221,50.09961257,GR?BA?OWSKA 54,4
45508,20.07564261,50.09974119,GR?BA?OWSKA 56,1
6264,20.07539196,50.10006456,GR?BA?OWSKA 57,22
36422,20.07523054,50.10052587,GR?BA?OWSKA 59A,2
20095,20.07502192,50.1006958,GR?BA?OWSKA 59B,5
12546,20.07462782,50.1009221,GR?BA?OWSKA 59C,7
14500,20.07415082,50.09561202,GR?BA?OWSKA 6,6
26051,20.07587241,50.09992949,GR?BA?OWSKA 60,4
36401,20.07585399,50.10036594,GR?BA?OWSKA 61,2
40066,20.07620586,50.09996163,GR?BA?OWSKA 62,2
22153,20.07642198,50.10026258,GR?BA?OWSKA 62A,4
29438,20.07594123,50.10042569,GR?BA?OWSKA 63,3
14228,20.07634246,50.10134147,GR?BA?OWSKA 64,7
29439,20.0761282,50.1005496,GR?BA?OWSKA 65,3
28230,20.07632589,50.10070047,GR?BA?OWSKA 65A,4
29314,20.07627031,50.10139286,GR?BA?OWSKA 66,3
32981,20.07586994,50.10135113,GR?BA?OWSKA 67,3
41935,20.07609299,50.10150239,GR?BA?OWSKA 68C,2
41936,20.07621955,50.10158047,GR?BA?OWSKA 68D,2
35704,20.07638482,50.1016937,GR?BA?OWSKA 68E,3
21737,20.07645543,50.10173897,GR?BA?OWSKA 68F,5
12545,20.07565375,50.10155052,GR?BA?OWSKA 69,7
42589,20.07413909,50.09516338,GR?BA?OWSKA 7,1
34592,20.07542544,50.10198468,GR?BA?OWSKA 72,3
13765,20.07383383,50.10266446,GR?BA?OWSKA 73B,7
17551,20.07523207,50.10211267,GR?BA?OWSKA 74,5
29399,20.07347851,50.10295099,GR?BA?OWSKA 75,3
14520,20.07460767,50.10246663,GR?BA?OWSKA 78,6
14481,20.07281559,50.10335918,GR?BA?OWSKA 79,6
22168,20.07401,50.10287733,GR?BA?OWSKA 82,4
32982,20.07383522,50.10306141,GR?BA?OWSKA 84A,3
36421,20.07358425,50.10315072,GR?BA?OWSKA 84B,2
42141,20.07337685,50.103291,GR?BA?OWSKA 84C,2
14433,20.0736491,50.10350253,GR?BA?OWSKA 84D,6
17428,20.07394064,50.10375788,GR?BA?OWSKA 84I,5
29401,20.07306549,50.10344906,GR?BA?OWSKA 86,3
12245,20.07461995,50.09577154,GR?BA?OWSKA 8A,8
40815,20.07481993,50.09581052,GR?BA?OWSKA 8B,2
14435,20.07368469,50.09532402,GR?BA?OWSKA 9A,6
27409,20.06263773,50.10227565,HALINY CIE?LI?SKIEJ-BRZESKIEJ 12,4
21201,20.06219028,50.10245805,HALINY CIE?LI?SKIEJ-BRZESKIEJ 16,5
27408,20.06206154,50.10264558,HALINY CIE?LI?SKIEJ-BRZESKIEJ 18,4
27411,20.06309875,50.10180976,HALINY CIE?LI?SKIEJ-BRZESKIEJ 3,4
41178,20.0629368,50.10189683,HALINY CIE?LI?SKIEJ-BRZESKIEJ 5,2
34660,20.06332169,50.10191797,HALINY CIE?LI?SKIEJ-BRZESKIEJ 6,3
27410,20.06272581,50.10201079,HALINY CIE?LI?SKIEJ-BRZESKIEJ 7,4
31491,20.07531295,50.10456931,JERZEGO KOROHODY 11,3
32733,20.07510473,50.10491892,JERZEGO KOROHODY 12,3
45499,20.07513308,50.10466197,JERZEGO KOROHODY 13,1
41371,20.07483151,50.10508751,JERZEGO KOROHODY 14,2
34302,20.07489341,50.10480959,JERZEGO KOROHODY 15,3
45511,20.0746929,50.10486967,JERZEGO KOROHODY 17,1
46775,20.0767837,50.10393229,JERZEGO KOROHODY 4,1
18225,20.07567106,50.10428707,JERZEGO KOROHODY 7,5
20566,20.07569071,50.10454415,JERZEGO KOROHODY 8,5
20346,20.07554684,50.10441573,JERZEGO KOROHODY 9,5
31037,20.07100756,50.10019369,JUBILEUSZOWA 10,3
14217,20.07157689,50.09987835,JUBILEUSZOWA 14,7
37958,20.07207035,50.09996385,JUBILEUSZOWA 15,2
14434,20.06951438,50.10031675,JUBILEUSZOWA 4,6
29400,20.070783,50.10060425,JUBILEUSZOWA 5,3
32890,20.07062137,50.10039084,JUBILEUSZOWA 8,3
20001,20.07141251,50.10025852,JUBILEUSZOWA 9,5
36415,20.07362814,50.09477616,KANTOROWICKA 1,2
22013,20.07332221,50.09525251,KANTOROWICKA 10,4
24309,20.0609786,50.10289984,KANTOROWICKA 101,4
31962,20.06096889,50.10304191,KANTOROWICKA 101A,3
40849,20.06057181,50.10316035,KANTOROWICKA 101B,2
8698,20.07281195,50.09525415,KANTOROWICKA 11,12
17547,20.07270884,50.09568581,KANTOROWICKA 14,5
25381,20.07241324,50.09552246,KANTOROWICKA 15,4
34238,20.07218508,50.09537452,KANTOROWICKA 15A,3
22164,20.07220378,50.0960086,KANTOROWICKA 16,4
34656,20.07207612,50.09639052,KANTOROWICKA 16A,3
12544,20.07157074,50.09642119,KANTOROWICKA 18,7
11248,20.07204175,50.09576321,KANTOROWICKA 19,8
14229,20.07415266,50.09439858,KANTOROWICKA 1A,7
25597,20.07142353,50.09667128,KANTOROWICKA 20,4
41156,20.07152411,50.09672069,KANTOROWICKA 20A,2
11249,20.07184346,50.0959105,KANTOROWICKA 21,8
22132,20.07119611,50.09683494,KANTOROWICKA 22,4
14519,20.07176535,50.09596653,KANTOROWICKA 23,6
29460,20.07152032,50.09614884,KANTOROWICKA 25,3
46154,20.07104396,50.09602187,KANTOROWICKA 27,1
17548,20.0711608,50.09637634,KANTOROWICKA 29,5
36416,20.07341019,50.09489317,KANTOROWICKA 3,2
15158,20.06991113,50.09758925,KANTOROWICKA 30,6
42588,20.07101148,50.09660884,KANTOROWICKA 31,1
40043,20.07053832,50.09631241,KANTOROWICKA 31A,2
10320,20.06974127,50.09771794,KANTOROWICKA 32,9
14370,20.06938828,50.09743192,KANTOROWICKA 35B,7
14371,20.06926036,50.09750383,KANTOROWICKA 35C,7
42591,20.06889063,50.09778271,KANTOROWICKA 37,1
36414,20.07409592,50.09479438,KANTOROWICKA 4,2
29449,20.06832362,50.0984884,KANTOROWICKA 40,3
29458,20.06868005,50.09865391,KANTOROWICKA 40A,3
12322,20.06823719,50.09817768,KANTOROWICKA 41,8
17488,20.06809464,50.09862361,KANTOROWICKA 42,5
27130,20.06788467,50.09816845,KANTOROWICKA 43,4
34650,20.06706902,50.09769496,KANTOROWICKA 43A,3
36350,20.06789589,50.09838937,KANTOROWICKA 45,2
4948,20.06638312,50.09970656,KANTOROWICKA 46B,33
22081,20.06763391,50.09863432,KANTOROWICKA 47,4
17549,20.07318133,50.09483905,KANTOROWICKA 5,5
37956,20.06281325,50.10155751,KANTOROWICKA 50,2
43836,20.06235633,50.10176668,KANTOROWICKA 50B,1
37957,20.0620157,50.10203824,KANTOROWICKA 50D,2
43837,20.06124127,50.10233237,KANTOROWICKA 50G,1
18691,20.06116302,50.10257389,KANTOROWICKA 52,5
41298,20.06136127,50.10272759,KANTOROWICKA 52A,2
16206,20.06164172,50.10293041,KANTOROWICKA 54,6
36388,20.06579674,50.0995029,KANTOROWICKA 57,2
26703,20.06227622,50.10458807,KANTOROWICKA 58,4
40673,20.06197588,50.10462268,KANTOROWICKA 58A,2
26566,20.06545437,50.0997306,KANTOROWICKA 59,4
35847,20.06081571,50.10525401,KANTOROWICKA 60,3
29420,20.06509605,50.09990126,KANTOROWICKA 61,3
17521,20.0643027,50.10028892,KANTOROWICKA 67,5
36389,20.06405699,50.10036127,KANTOROWICKA 69,2
27855,20.0638112,50.10020763,KANTOROWICKA 69A,4
36387,20.06386962,50.10053075,KANTOROWICKA 73,2
14496,20.06379636,50.10057613,KANTOROWICKA 75,6
36386,20.06355785,50.10064592,KANTOROWICKA 77,2
14495,20.06343671,50.10075268,KANTOROWICKA 79,6
22166,20.07361647,50.09510001,KANTOROWICKA 8,4
42568,20.06336921,50.10079702,KANTOROWICKA 81,1
33601,20.06276476,50.10066585,KANTOROWICKA 85A,3
42567,20.06300483,50.10108166,KANTOROWICKA 87,1
22125,20.06272658,50.1011626,KANTOROWICKA 89,4
5255,20.06215884,50.1008969,KANTOROWICKA 89A,30
45037,20.06213763,50.10160399,KANTOROWICKA 91A,1
22126,20.06108159,50.10214194,KANTOROWICKA 95,4
14516,20.07475587,50.09272631,KAROLA DARWINA 1,6
35651,20.0755834,50.09342468,KAROLA DARWINA 11A,3
42158,20.0754557,50.09351613,KAROLA DARWINA 11B,2
17355,20.07534394,50.0935992,KAROLA DARWINA 11C,6
41912,20.074516,50.09422963,KAROLA DARWINA 11H,2
35670,20.07446248,50.09426952,KAROLA DARWINA 11J,3
39239,20.07398067,50.09182228,KAROLA DARWINA 16,2
14517,20.07454439,50.09262154,KAROLA DARWINA 1A,6
8310,20.07432948,50.09253743,KAROLA DARWINA 1B,13
11206,20.07565285,50.09246278,KAROLA DARWINA 20B,9
29447,20.07662338,50.09425324,KAROLA DARWINA 21,3
22157,20.07681855,50.09435353,KAROLA DARWINA 23,4
41711,20.07705001,50.09449255,KAROLA DARWINA 23A,2
20619,20.07647443,50.09345628,KAROLA DARWINA 24,5
22156,20.07725402,50.09457983,KAROLA DARWINA 25,4
47014,20.07657114,50.09369228,KAROLA DARWINA 26,1
28728,20.07671864,50.09347069,KAROLA DARWINA 26A,4
35748,20.07678093,50.09333771,KAROLA DARWINA 26B,3
35655,20.07684663,50.0930914,KAROLA DARWINA 26C,3
33580,20.07773576,50.09483412,KAROLA DARWINA 27,3
26785,20.07760948,50.09516803,KAROLA DARWINA 29B,4
34355,20.07739853,50.09504381,KAROLA DARWINA 29C,3
16471,20.07486208,50.09278188,KAROLA DARWINA 3,6
28827,20.07698822,50.09352687,KAROLA DARWINA 30B,4
43089,20.07862908,50.09543525,KAROLA DARWINA 31,1
38377,20.07833993,50.09561621,KAROLA DARWINA 31A,2
36472,20.07714373,50.09414009,KAROLA DARWINA 34,2
10319,20.0791528,50.09558111,KAROLA DARWINA 35,9
29517,20.07728601,50.09419571,KAROLA DARWINA 36,3
36405,20.07946176,50.09569998,KAROLA DARWINA 37,2
14546,20.07747376,50.094289,KAROLA DARWINA 38A,6
17545,20.07958022,50.09587423,KAROLA DARWINA 39,5
14515,20.08054741,50.09592672,KAROLA DARWINA 41,6
29446,20.08078424,50.09598573,KAROLA DARWINA 43,3
29516,20.0783557,50.09486892,KAROLA DARWINA 44,3
22867,20.08108007,50.09617667,KAROLA DARWINA 45,4
29520,20.07862342,50.0949749,KAROLA DARWINA 46,3
17546,20.08161001,50.09624428,KAROLA DARWINA 47,5
29456,20.08197141,50.09635392,KAROLA DARWINA 47A,3
22793,20.08260029,50.09670183,KAROLA DARWINA 47F,4
11266,20.07888479,50.09512012,KAROLA DARWINA 48,8
22158,20.07503571,50.09309166,KAROLA DARWINA 5,4
14548,20.07914666,50.09517855,KAROLA DARWINA 50,6
22218,20.07929827,50.09530834,KAROLA DARWINA 52,4
42627,20.07954626,50.09536821,KAROLA DARWINA 54,1
14549,20.07993863,50.0954771,KAROLA DARWINA 58,6
17596,20.08022715,50.09561321,KAROLA DARWINA 60,5
40479,20.08079605,50.09562415,KAROLA DARWINA 62B,2
22219,20.08060606,50.09541077,KAROLA DARWINA 62C,4
41726,20.08123842,50.09572556,KAROLA DARWINA 62F,2
47259,20.0820049,50.09595145,KAROLA DARWINA 62GB,1
42196,20.08231417,50.09585311,KAROLA DARWINA 62GG,2
21905,20.08206105,50.09578935,KAROLA DARWINA 62GH,5
42197,20.08193504,50.0957579,KAROLA DARWINA 62GJ,2
42586,20.07532935,50.09325162,KAROLA DARWINA 7,1
46856,20.07517331,50.09338,KAROLA DARWINA 9,1
41658,20.07416261,50.09413873,KAROLA DARWINA 9A,2
17514,20.0654153,50.09725622,KOCMYRZOWSKA 21,5
17515,20.06533896,50.09750288,KOCMYRZOWSKA 23,5
36358,20.0654938,50.09804288,KOCMYRZOWSKA 25,2
14497,20.06559718,50.09819324,KOCMYRZOWSKA 25A,6
8309,20.06695183,50.09986905,KOCMYRZOWSKA 27A,13
9389,20.067136,50.10003053,KOCMYRZOWSKA 27B,11
6386,20.06740715,50.10012422,KOCMYRZOWSKA 27C,21
7990,20.066945,50.10020516,KOCMYRZOWSKA 27D,14
9603,20.06671097,50.10000147,KOCMYRZOWSKA 27E,10
29437,20.07289625,50.10544257,KOCMYRZOWSKA 39,3
28688,20.07817199,50.10114261,KSI?DZA JANA HYCA 5,4
27994,20.07835522,50.10080531,KSI?DZA JANA HYCA 8,4
17164,20.07920318,50.10054311,KSI?DZA JANA HYCA 9,6
41628,20.07710848,50.09945748,KSI?DZA ZYGMUNTA KACZY?SKIEGO 12,2
47643,20.07820983,50.09995112,KSI?DZA ZYGMUNTA KACZY?SKIEGO 3,1
27701,20.07787014,50.10002347,KSI?DZA ZYGMUNTA KACZY?SKIEGO 4,4
29060,20.07795481,50.09972212,KSI?DZA ZYGMUNTA KACZY?SKIEGO 5,4
26649,20.07763712,50.0994722,KSI?DZA ZYGMUNTA KACZY?SKIEGO 7,4
28732,20.07156649,50.09449012,??CKA 12,4
39669,20.07257663,50.09511345,??CKA 4,2
32749,20.07249454,50.09465139,??CKA 5,3
46926,20.07241111,50.0949417,??CKA 6,1
26545,20.07218838,50.09446679,??CKA 7,4
19868,20.07216116,50.0947673,??CKA 8,5
29518,20.07518736,50.09252264,LUBOCKA 1,3
21493,20.07626933,50.09255378,LUBOCKA 1E,5
21227,20.07656791,50.09239247,LUBOCKA 1F,5
22207,20.07797099,50.09212504,LUBOCKA 2,4
27177,20.07683027,50.09243947,LUBOCKA 3,4
17590,20.07835824,50.09225813,LUBOCKA 4,5
11260,20.07812716,50.09265864,LUBOCKA 5A,8
35547,20.07795882,50.09299142,LUBOCKA 5B,3
36473,20.07837733,50.09303017,LUBOCKA 5C,2
29508,20.07856355,50.09236306,LUBOCKA 6,3
17594,20.07871436,50.09290818,LUBOCKA 7,5
22206,20.07882064,50.09249722,LUBOCKA 8,4
36474,20.07903801,50.09317571,LUBOCKA 9,2
13992,20.07731736,50.10198382,LUBORZYCKA 12,7
36420,20.07719009,50.10312737,LUBORZYCKA 15,2
34138,20.07740784,50.10227558,LUBORZYCKA 16,3
22869,20.07690273,50.10342838,LUBORZYCKA 17,4
29457,20.07720796,50.10347335,LUBORZYCKA 19,3
29462,20.07708806,50.10088181,LUBORZYCKA 2,3
10321,20.07743471,50.10242502,LUBORZYCKA 20,9
22169,20.07722205,50.1037643,LUBORZYCKA 21,4
11669,20.0771729,50.10400492,LUBORZYCKA 23,8
36280,20.07719343,50.1043928,LUBORZYCKA 25,2
22014,20.07676419,50.10460667,LUBORZYCKA 25A,4
17550,20.07767684,50.10294734,LUBORZYCKA 26,5
42592,20.07771697,50.10324495,LUBORZYCKA 30,1
46841,20.0781756,50.10518855,LUBORZYCKA 31B,1
18695,20.07763849,50.10351457,LUBORZYCKA 32,5
16740,20.07786968,50.10340184,LUBORZYCKA 32A,6
41630,20.07837236,50.10319118,LUBORZYCKA 32B,2
41311,20.07873426,50.1050121,LUBORZYCKA 33,2
21304,20.07857969,50.10538988,LUBORZYCKA 33A,5
22805,20.07776534,50.10369565,LUBORZYCKA 34,4
40497,20.07887524,50.10543397,LUBORZYCKA 35,2
35221,20.07768394,50.1040195,LUBORZYCKA 36,3
25484,20.07673496,50.10169344,LUBORZYCKA 3A,4
27759,20.07682937,50.10200849,LUBORZYCKA 3B,4
35229,20.07634797,50.10198007,LUBORZYCKA 3C,3
29440,20.07709639,50.10123785,LUBORZYCKA 4,3
36033,20.07840648,50.1062407,LUBORZYCKA 47,3
29075,20.07821184,50.10649923,LUBORZYCKA 49,4
20564,20.07769309,50.10093832,LUBORZYCKA 4A,5
36419,20.07679131,50.10235861,LUBORZYCKA 5,2
17487,20.07893487,50.10474762,LUBORZYCKA 50,5
26064,20.07836992,50.10677158,LUBORZYCKA 51,4
46284,20.07756134,50.10655452,LUBORZYCKA 51B,1
29463,20.07906009,50.10480224,LUBORZYCKA 52,3
34532,20.07916884,50.1054292,LUBORZYCKA 54,3
27249,20.07935161,50.10547389,LUBORZYCKA 54A,4
34533,20.07973696,50.1055429,LUBORZYCKA 54B,3
34534,20.07992164,50.10558247,LUBORZYCKA 54C,3
27250,20.08030572,50.10565379,LUBORZYCKA 54D,4
41076,20.08048938,50.10569507,LUBORZYCKA 54E,2
27251,20.08087649,50.10576352,LUBORZYCKA 54F,4
41086,20.08144717,50.10587649,LUBORZYCKA 54H,2
46303,20.08162993,50.10591465,LUBORZYCKA 54I,1
41913,20.08006695,50.10537977,LUBORZYCKA 54N,2
46806,20.07973485,50.10503342,LUBORZYCKA 54S,1
36245,20.0789572,50.10613582,LUBORZYCKA 56,2
47011,20.07918395,50.10584663,LUBORZYCKA 56A,1
28598,20.07968397,50.10632431,LUBORZYCKA 56R,4
35018,20.07880846,50.10640762,LUBORZYCKA 58,3
46914,20.07961411,50.10654772,LUBORZYCKA 58B,1
26638,20.07713071,50.10149772,LUBORZYCKA 6,4
9081,20.07889101,50.10671163,LUBORZYCKA 60,11
29453,20.07721058,50.10166954,LUBORZYCKA 8,3
36425,20.0770576,50.10268862,MIECZYS?AWA KAMBERSKIEGO 1,2
29461,20.07657613,50.10320571,MIECZYS?AWA KAMBERSKIEGO 4,3
28804,20.07613437,50.10344591,MIECZYS?AWA KAMBERSKIEGO 7,4
28840,20.07595378,50.10355749,MIECZYS?AWA KAMBERSKIEGO 9,4
42569,20.06057322,50.10239613,NIEBY?A 2,1
46514,20.06035616,50.10165455,NIEBY?A 4,1
21537,20.06158133,50.10087264,NIEBY?A 7A,5
6962,20.06139235,50.10066751,NIEBY?A 7D,19
29315,20.0677872,50.09886993,OBWODOWA 1,3
29471,20.06910876,50.09985296,OBWODOWA 11,3
29472,20.06952771,50.09983084,OBWODOWA 12,3
11254,20.06931753,50.1000083,OBWODOWA 13,8
43139,20.06905348,50.10016035,OBWODOWA 13A,1
12537,20.06979937,50.09999608,OBWODOWA 15,7
17569,20.06999592,50.09921968,OBWODOWA 16A,5
22792,20.07006432,50.0998952,OBWODOWA 17,4
30553,20.07035698,50.09970311,OBWODOWA 17A,3
45843,20.07007462,50.09883128,OBWODOWA 18,1
12244,20.06974027,50.09907881,OBWODOWA 18A,8
45290,20.07059165,50.09957843,OBWODOWA 19,1
20839,20.07083176,50.09947378,OBWODOWA 19A,5
46452,20.06769119,50.0990274,OBWODOWA 1A,1
10199,20.06973824,50.09870309,OBWODOWA 20,10
28434,20.06946807,50.09889813,OBWODOWA 20A,4
22182,20.07124281,50.09930331,OBWODOWA 21,4
42574,20.0696126,50.09848221,OBWODOWA 22,1
29426,20.06928626,50.09868526,OBWODOWA 22A,3
29427,20.06923132,50.09864347,OBWODOWA 22B,3
14503,20.07092689,50.09910493,OBWODOWA 23,6
11245,20.06912901,50.0980904,OBWODOWA 24,8
22137,20.07047337,50.09878824,OBWODOWA 27,4
17552,20.07013972,50.0984397,OBWODOWA 29B,5
26262,20.06968226,50.09820566,OBWODOWA 31,4
27244,20.06947521,50.09807385,OBWODOWA 33,4
21120,20.06930655,50.09795338,OBWODOWA 35,5
34944,20.0685546,50.09910074,OBWODOWA 4,3
29450,20.06878076,50.09926833,OBWODOWA 6,3
29452,20.06858621,50.09946806,OBWODOWA 7,3
37011,20.06864884,50.0995101,OBWODOWA 7A,2
29451,20.0689983,50.09943655,OBWODOWA 8,3
29470,20.06887091,50.09967316,OBWODOWA 9,3
55,20.06370725,50.09820693,OSIEDLE NA WZGoRZACH 17A,402
40534,20.07796484,50.10166433,P?ASKA 4,2
26797,20.07803682,50.10181086,P?ASKA 5,4
45375,20.08177179,50.09799231,POMYKANY 11,1
26050,20.08215942,50.09793718,POMYKANY 12,4
27014,20.0815733,50.09816768,POMYKANY 13,4
20692,20.0817477,50.09833904,POMYKANY 16,5
14045,20.08127868,50.0983796,POMYKANY 17,7
39545,20.0815609,50.09853386,POMYKANY 18,2
45776,20.08289562,50.0969381,POMYKANY 2,1
33257,20.08254757,50.09697882,POMYKANY 3,3
30428,20.08283005,50.09712168,POMYKANY 4,3
40925,20.08241653,50.09723112,POMYKANY 5,2
17995,20.08227768,50.09745315,POMYKANY 7,5
43988,20.08201363,50.09773274,POMYKANY 9,1
22080,20.07285217,50.10286032,PRZYMIARKI 10A,4
17486,20.07314856,50.10264132,PRZYMIARKI 10B,5
27159,20.07221446,50.10274752,PRZYMIARKI 11,4
22055,20.07309689,50.1030952,PRZYMIARKI 12,4
36330,20.07316851,50.10314879,PRZYMIARKI 12A,2
21375,20.07220702,50.10296512,PRZYMIARKI 13A,5
45808,20.07275251,50.10303294,PRZYMIARKI 15,1
35888,20.07254199,50.10310997,PRZYMIARKI 15B,3
28713,20.07232692,50.10324616,PRZYMIARKI 15D,4
42602,20.07293258,50.10318988,PRZYMIARKI 17,1
27209,20.07175256,50.10174687,PRZYMIARKI 2B,4
47558,20.0723758,50.10227738,PRZYMIARKI 4C,1
35605,20.07150895,50.10251609,PRZYMIARKI 5A,3
12552,20.07237709,50.10245753,PRZYMIARKI 6,7
21294,20.07205045,50.10246916,PRZYMIARKI 7,5
42539,20.07266909,50.10267592,PRZYMIARKI 8,1
11113,20.07214012,50.10269717,PRZYMIARKI 9,9
22133,20.07343717,50.09770525,STOKOWA 1,4
29442,20.07468808,50.09889604,STOKOWA 11,3
14521,20.07437049,50.0981086,STOKOWA 12A,6
9606,20.07440574,50.09815475,STOKOWA 12B,10
7431,20.07484403,50.09904262,STOKOWA 13,16
14514,20.07452659,50.09832756,STOKOWA 14A,6
22155,20.07449354,50.09827037,STOKOWA 14B,4
9605,20.07493493,50.0990991,STOKOWA 15,10
42594,20.07469487,50.09847763,STOKOWA 16A,1
29443,20.07477034,50.09865382,STOKOWA 18,3
31961,20.07492007,50.09880826,STOKOWA 20,3
46683,20.07512094,50.09876425,STOKOWA 20A,1
17529,20.0736019,50.098151,STOKOWA 3,5
17528,20.07384981,50.09763148,STOKOWA 4A,5
20091,20.07424836,50.09750969,STOKOWA 4B,5
45100,20.07476309,50.09739161,STOKOWA 4C,1
30583,20.07402732,50.09836648,STOKOWA 5,3
11243,20.07387874,50.09779201,STOKOWA 6,8
14513,20.07416053,50.09854527,STOKOWA 7,6
29445,20.0739806,50.09791338,STOKOWA 8,3
42581,20.07666916,50.09858776,STUDZIENNA 10,1
41727,20.07834571,50.09735711,STUDZIENNA 11A,2
10318,20.07524112,50.09933983,STUDZIENNA 12,9
42583,20.07807119,50.09756581,STUDZIENNA 13A,1
22866,20.07770058,50.09773515,STUDZIENNA 13C,4
42582,20.07725084,50.09802032,STUDZIENNA 15,1
29313,20.07699467,50.09812403,STUDZIENNA 15A,3
23093,20.07678186,50.09822741,STUDZIENNA 17,4
36037,20.07852994,50.09657361,STUDZIENNA 1C,3
35463,20.078354,50.09665175,STUDZIENNA 1D,3
35464,20.07826426,50.09669732,STUDZIENNA 1E,3
36404,20.07989844,50.09673807,STUDZIENNA 2,2
18185,20.07622476,50.09847652,STUDZIENNA 21,5
41499,20.07598746,50.09858984,STUDZIENNA 23,2
36014,20.07935726,50.09656727,STUDZIENNA 3A,3
42150,20.07921149,50.09665376,STUDZIENNA 3B,2
36012,20.0791753,50.09667154,STUDZIENNA 3C,3
36011,20.07887009,50.09684432,STUDZIENNA 3E,3
29070,20.0786703,50.09695129,STUDZIENNA 3F,4
29069,20.07848689,50.09704402,STUDZIENNA 3H,4
42148,20.07843406,50.09707179,STUDZIENNA 3J,2
36015,20.07705218,50.09771147,STUDZIENNA 3Y,3
17544,20.07953876,50.09695155,STUDZIENNA 4A,5
47226,20.0768277,50.09781064,STUDZIENNA 5,1
42149,20.0766935,50.09787256,STUDZIENNA 5A,2
36016,20.07662271,50.09790379,STUDZIENNA 5B,3
29071,20.07647627,50.09796978,STUDZIENNA 5C,4
36013,20.07623805,50.09807567,STUDZIENNA 5E,3
29444,20.07893064,50.09740595,STUDZIENNA 6,3
34839,20.07859835,50.09765836,STUDZIENNA 6A,3
26231,20.07780777,50.09798358,STUDZIENNA 8A,4
46737,20.07827931,50.09817799,STUDZIENNA 8C,1
47183,20.07885496,50.09717808,STUDZIENNA 9,1
29473,20.07149787,50.10120983,STYCZNA 10,3
36435,20.07114283,50.10155163,STYCZNA 12,2
18056,20.07280386,50.09992136,STYCZNA 3,5
22183,20.07359779,50.09984661,STYCZNA 4,4
35573,20.07242529,50.10022741,STYCZNA 5A,3
41145,20.07327308,50.10014715,STYCZNA 6,2
46563,20.07199412,50.1005749,STYCZNA 7,1
36431,20.07163157,50.10074239,STYCZNA 9,2
35267,20.07137221,50.1009522,STYCZNA 9A,3
27877,20.08328611,50.10910484,SYBIRAKoW 4,4
33953,20.07475609,50.10378973,WALENTEGO FLORKOWSKIEGO 10,3
46756,20.07498094,50.10364066,WALENTEGO FLORKOWSKIEGO 12,1
45807,20.07394933,50.10437824,WALENTEGO FLORKOWSKIEGO 2,1
31589,20.08065365,50.09952678,WINCENTEGO KIRCHMAJERA 1,3
20642,20.07926299,50.09854507,WINCENTEGO KIRCHMAJERA 11,5
31036,20.08037514,50.09937498,WINCENTEGO KIRCHMAJERA 3,3
35584,20.08006216,50.09944677,WINCENTEGO KIRCHMAJERA 4,3
21903,20.07971761,50.09922723,WINCENTEGO KIRCHMAJERA 6,5
45815,20.07980984,50.09894102,WINCENTEGO KIRCHMAJERA 7,1
16707,20.07939654,50.09893544,WINCENTEGO KIRCHMAJERA 8,6
